Negeri,PARLIAMENT SEAT (2018 - ),DUN 2018,AREA (SQ KM),Notes
PERLIS,P.001 PADANG BESAR,N. 01 TITI TINGGI,120,AS per 2018 Gazetted Redelineation
PERLIS,P.001 PADANG BESAR,N. 02 BESERI,133,AS per 2018 Gazetted Redelineation
PERLIS,P.001 PADANG BESAR,N. 03 CHUPING,150,AS per 2018 Gazetted Redelineation
PERLIS,P.001 PADANG BESAR,N. 04 MATA AYER,20,AS per 2018 Gazetted Redelineation
PERLIS,P.001 PADANG BESAR,N. 05 SANTAN,27,AS per 2018 Gazetted Redelineation
PERLIS,P.002 KANGAR,N. 06 BINTONG,66,AS per 2018 Gazetted Redelineation
PERLIS,P.002 KANGAR,N. 07 SENA,19,AS per 2018 Gazetted Redelineation
PERLIS,P.002 KANGAR,N. 08 INDERA KAYANGAN,6,AS per 2018 Gazetted Redelineation
PERLIS,P.002 KANGAR,N. 09 KUALA PERLIS,21,AS per 2018 Gazetted Redelineation
PERLIS,P.002 KANGAR,N. 10 KAYANG,29,AS per 2018 Gazetted Redelineation
PERLIS,P.003 ARAU,N. 11 PAUH,51,AS per 2018 Gazetted Redelineation
PERLIS,P.003 ARAU,N. 12 TAMBUN TULANG,51,AS per 2018 Gazetted Redelineation
PERLIS,P.003 ARAU,N. 13 GUAR SANJI,45,AS per 2018 Gazetted Redelineation
PERLIS,P.003 ARAU,N. 14 SIMPANG EMPAT,37,AS per 2018 Gazetted Redelineation
PERLIS,P.003 ARAU,N. 15 SANGLANG,38,AS per 2018 Gazetted Redelineation
KEDAH,P.004 LANGKAWI,N. 01 AYER HANGAT,298,AS per 2018 Gazetted Redelineation
KEDAH,P.004 LANGKAWI,N. 02 KUAH,171,AS per 2018 Gazetted Redelineation
KEDAH,P.005 JERLUN,N. 03 KOTA SIPUTEH,150,AS per 2018 Gazetted Redelineation
KEDAH,P.005 JERLUN,N. 04 AYER HITAM,166,AS per 2018 Gazetted Redelineation
KEDAH,P.006 KUBANG PASU,N. 05 BUKIT KAYU HITAM,459,AS per 2018 Gazetted Redelineation
KEDAH,P.006 KUBANG PASU,N. 06 JITRA,175,AS per 2018 Gazetted Redelineation
KEDAH,P.007 PADANG TERAP,N. 07 KUALA NERANG,667,AS per 2018 Gazetted Redelineation
KEDAH,P.007 PADANG TERAP,N. 08 PEDU,690,AS per 2018 Gazetted Redelineation
KEDAH,P.008 POKOK SENA,N. 09 BUKIT LADA,228,AS per 2018 Gazetted Redelineation
KEDAH,P.008 POKOK SENA,N. 10 BUKIT PINANG,81,AS per 2018 Gazetted Redelineation
KEDAH,P.008 POKOK SENA,N. 11 DERGA,13,AS per 2018 Gazetted Redelineation
KEDAH,P.009 ALOR SETAR,N. 12 SUKA MENANTI,24,AS per 2018 Gazetted Redelineation
KEDAH,P.009 ALOR SETAR,N. 13 KOTA DARUL AMAN,7,AS per 2018 Gazetted Redelineation
KEDAH,P.009 ALOR SETAR,N. 14 ALOR MENGKUDU,80,AS per 2018 Gazetted Redelineation
KEDAH,P.010 KUALA KEDAH,N. 15 ANAK BUKIT,81,AS per 2018 Gazetted Redelineation
KEDAH,P.010 KUALA KEDAH,N. 16 KUBANG ROTAN,62,AS per 2018 Gazetted Redelineation
KEDAH,P.010 KUALA KEDAH,N. 17 PENGKALAN KUNDOR,90,AS per 2018 Gazetted Redelineation
KEDAH,P.011 PENDANG,N. 18 TOKAI,151,AS per 2018 Gazetted Redelineation
KEDAH,P.011 PENDANG,N. 19 SUNGAI TIANG,478,AS per 2018 Gazetted Redelineation
KEDAH,P.012 JERAI,N. 20 SUNGAI LIMAU,145,AS per 2018 Gazetted Redelineation
KEDAH,P.012 JERAI,N. 21 GUAR CHEMPEDAK,99,AS per 2018 Gazetted Redelineation
KEDAH,P.012 JERAI,N. 22 GURUN,214,AS per 2018 Gazetted Redelineation
KEDAH,P.013 SIK,N. 23 BELANTEK,1322,AS per 2018 Gazetted Redelineation
KEDAH,P.013 SIK,N. 24 JENERI,323,AS per 2018 Gazetted Redelineation
KEDAH,P.014 MERBOK,N. 25 BUKIT SELAMBAU,286,AS per 2018 Gazetted Redelineation
KEDAH,P.014 MERBOK,N. 26 TANJONG DAWAI,165,AS per 2018 Gazetted Redelineation
KEDAH,P.015 SUNGAI PETANI,N. 27 PANTAI MERDEKA,132,AS per 2018 Gazetted Redelineation
KEDAH,P.015 SUNGAI PETANI,N. 28 BAKAR ARANG,32,AS per 2018 Gazetted Redelineation
KEDAH,P.015 SUNGAI PETANI,N. 29 SIDAM,97,AS per 2018 Gazetted Redelineation
KEDAH,P.016 BALING,N. 30 BAYU,810,AS per 2018 Gazetted Redelineation
KEDAH,P.016 BALING,N. 31 KUPANG,462,AS per 2018 Gazetted Redelineation
KEDAH,P.016 BALING,N. 32 KUALA KETIL,268,AS per 2018 Gazetted Redelineation
KEDAH,P.017 PADANG SERAI,N. 33 MERBAU PULAS,256,AS per 2018 Gazetted Redelineation
KEDAH,P.017 PADANG SERAI,N. 34 LUNAS,87,AS per 2018 Gazetted Redelineation
KEDAH,P.018 KULIM-BANDAR BAHARU,N. 35 KULIM,420,AS per 2018 Gazetted Redelineation
KEDAH,P.018 KULIM-BANDAR BAHARU,N. 36 BANDAR BAHARU,270,AS per 2018 Gazetted Redelineation
KELANTAN,P.019 TUMPAT,N. 01 PENGKALAN KUBOR,51,AS per 2018 Gazetted Redelineation
KELANTAN,P.019 TUMPAT,N. 02 KELABORAN,56,AS per 2018 Gazetted Redelineation
KELANTAN,P.019 TUMPAT,N. 03 PASIR PEKAN,31,AS per 2018 Gazetted Redelineation
KELANTAN,P.019 TUMPAT,N. 04 WAKAF BHARU,42,AS per 2018 Gazetted Redelineation
KELANTAN,P.020 PENGKALAN CHEPA,N. 05 KIJANG,24,AS per 2018 Gazetted Redelineation
KELANTAN,P.020 PENGKALAN CHEPA,N. 06 CHEMPAKA,30,AS per 2018 Gazetted Redelineation
KELANTAN,P.020 PENGKALAN CHEPA,N. 07 PANCHOR,31,AS per 2018 Gazetted Redelineation
KELANTAN,P.021 KOTA BHARU,N. 08 TANJONG MAS,15,AS per 2018 Gazetted Redelineation
KELANTAN,P.021 KOTA BHARU,N. 09 KOTA LAMA,5,AS per 2018 Gazetted Redelineation
KELANTAN,P.021 KOTA BHARU,N. 10 BUNUT PAYONG,13,AS per 2018 Gazetted Redelineation
KELANTAN,P.022 PASIR MAS,N. 11 TENDONG,59,AS per 2018 Gazetted Redelineation
KELANTAN,P.022 PASIR MAS,N. 12 PENGKALAN PASIR,26,AS per 2018 Gazetted Redelineation
KELANTAN,P.022 PASIR MAS,N. 13 MERANTI,91,AS per 2018 Gazetted Redelineation
KELANTAN,P.023 RANTAU PANJANG,N. 14 CHETOK,83,AS per 2018 Gazetted Redelineation
KELANTAN,P.023 RANTAU PANJANG,N. 15 GUAL PERIOK,147,AS per 2018 Gazetted Redelineation
KELANTAN,P.023 RANTAU PANJANG,N. 16 APAM PUTRA,162,AS per 2018 Gazetted Redelineation
KELANTAN,P.024 KUBANG KERIAN,N. 17 SALOR,59,AS per 2018 Gazetted Redelineation
KELANTAN,P.024 KUBANG KERIAN,N. 18 PASIR TUMBOH,48,AS per 2018 Gazetted Redelineation
KELANTAN,P.024 KUBANG KERIAN,N. 19 DEMIT,34,AS per 2018 Gazetted Redelineation
KELANTAN,P.025 BACHOK,N. 20 TAWANG,73,AS per 2018 Gazetted Redelineation
KELANTAN,P.025 BACHOK,N. 21 PANTAI IRAMA,84,AS per 2018 Gazetted Redelineation
KELANTAN,P.025 BACHOK,N. 22 JELAWAT,122,AS per 2018 Gazetted Redelineation
KELANTAN,P.026 KETEREH,N. 23 MELOR,50,AS per 2018 Gazetted Redelineation
KELANTAN,P.026 KETEREH,N. 24 KADOK,36,AS per 2018 Gazetted Redelineation
KELANTAN,P.026 KETEREH,N. 25 KOK LANAS,55,AS per 2018 Gazetted Redelineation
KELANTAN,P.027 TANAH MERAH,N. 26 BUKIT PANAU,97,AS per 2018 Gazetted Redelineation
KELANTAN,P.027 TANAH MERAH,N. 27 GUAL IPOH,429,AS per 2018 Gazetted Redelineation
KELANTAN,P.027 TANAH MERAH,N. 28 KEMAHANG,161,AS per 2018 Gazetted Redelineation
KELANTAN,P.028 PASIR PUTEH,N. 29 SELISING,106,AS per 2018 Gazetted Redelineation
KELANTAN,P.028 PASIR PUTEH,N. 30 LIMBONGAN,91,AS per 2018 Gazetted Redelineation
KELANTAN,P.028 PASIR PUTEH,N. 31 SEMERAK,128,AS per 2018 Gazetted Redelineation
KELANTAN,P.028 PASIR PUTEH,N. 32 GAAL,98,AS per 2018 Gazetted Redelineation
KELANTAN,P.029 MACHANG,N. 33 PULAI CHONDONG,141,AS per 2018 Gazetted Redelineation
KELANTAN,P.029 MACHANG,N. 34 TEMANGAN,137,AS per 2018 Gazetted Redelineation
KELANTAN,P.029 MACHANG,N. 35 KEMUNING,250,AS per 2018 Gazetted Redelineation
KELANTAN,P.030 JELI,N. 36 BUKIT BUNGA,208,AS per 2018 Gazetted Redelineation
KELANTAN,P.030 JELI,N. 37 AIR LANAS,360,AS per 2018 Gazetted Redelineation
KELANTAN,P.030 JELI,N. 38 KUALA BALAH,932,AS per 2018 Gazetted Redelineation
KELANTAN,P.031 KUALA KRAI,N. 39 MENGKEBANG,554,AS per 2018 Gazetted Redelineation
KELANTAN,P.031 KUALA KRAI,N. 40 GUCHIL,217,AS per 2018 Gazetted Redelineation
KELANTAN,P.031 KUALA KRAI,N. 41 MANEK URAI,486,AS per 2018 Gazetted Redelineation
KELANTAN,P.031 KUALA KRAI,N. 42 DABONG,1031,AS per 2018 Gazetted Redelineation
KELANTAN,P.032 GUA MUSANG,N. 43 NENGGIRI,2301,AS per 2018 Gazetted Redelineation
KELANTAN,P.032 GUA MUSANG,N. 44 PALOH,3046,AS per 2018 Gazetted Redelineation
KELANTAN,P.032 GUA MUSANG,N. 45 GALAS,2827,AS per 2018 Gazetted Redelineation
TERENGGANU,P.033 BESUT,N. 01 KUALA BESUT,67,AS per 2018 Gazetted Redelineation
TERENGGANU,P.033 BESUT,N. 02 KOTA PUTERA,98,AS per 2018 Gazetted Redelineation
TERENGGANU,P.033 BESUT,N. 03 JERTIH,85,AS per 2018 Gazetted Redelineation
TERENGGANU,P.033 BESUT,N. 04 HULU BESUT,777,AS per 2018 Gazetted Redelineation
TERENGGANU,P.034 SETIU,N. 05 JABI,199,AS per 2018 Gazetted Redelineation
TERENGGANU,P.034 SETIU,N. 06 PERMAISURI,702,AS per 2018 Gazetted Redelineation
TERENGGANU,P.034 SETIU,N. 07 LANGKAP,636,AS per 2018 Gazetted Redelineation
TERENGGANU,P.034 SETIU,N. 08 BATU RAKIT,135,AS per 2018 Gazetted Redelineation
TERENGGANU,P.035 KUALA NERUS,N. 09 TEPUH,226,AS per 2018 Gazetted Redelineation
TERENGGANU,P.035 KUALA NERUS,N. 10 BULUH GADING,70,AS per 2018 Gazetted Redelineation
TERENGGANU,P.035 KUALA NERUS,N. 11 SEBERANG TAKIR,23,AS per 2018 Gazetted Redelineation
TERENGGANU,P.035 KUALA NERUS,N. 12 BUKIT TUNGGAL,12,AS per 2018 Gazetted Redelineation
TERENGGANU,P.036 KUALA TERENGGANU,N. 13 WAKAF MEMPELAM,20,AS per 2018 Gazetted Redelineation
TERENGGANU,P.036 KUALA TERENGGANU,N. 14 BANDAR,5,AS per 2018 Gazetted Redelineation
TERENGGANU,P.036 KUALA TERENGGANU,N. 15 LADANG,9,AS per 2018 Gazetted Redelineation
TERENGGANU,P.036 KUALA TERENGGANU,N. 16 BATU BURUK,23,AS per 2018 Gazetted Redelineation
TERENGGANU,P.037 MARANG,N. 17 ALUR LIMBAT,64,AS per 2018 Gazetted Redelineation
TERENGGANU,P.037 MARANG,N. 18 BUKIT PAYUNG,36,AS per 2018 Gazetted Redelineation
TERENGGANU,P.037 MARANG,N. 19 RU RENDANG,130,AS per 2018 Gazetted Redelineation
TERENGGANU,P.037 MARANG,N. 20 PENGKALAN BERANGAN,484,AS per 2018 Gazetted Redelineation
TERENGGANU,P.038 HULU TERENGGANU,N. 21 TELEMUNG,3246,AS per 2018 Gazetted Redelineation
TERENGGANU,P.038 HULU TERENGGANU,N. 22 MANIR,32,AS per 2018 Gazetted Redelineation
TERENGGANU,P.038 HULU TERENGGANU,N. 23 KUALA BERANG,120,AS per 2018 Gazetted Redelineation
TERENGGANU,P.038 HULU TERENGGANU,N. 24 AJIL,575,AS per 2018 Gazetted Redelineation
TERENGGANU,P.039 DUNGUN,N. 25 BUKIT BESI,2067,AS per 2018 Gazetted Redelineation
TERENGGANU,P.039 DUNGUN,N. 26 RANTAU ABANG,253,AS per 2018 Gazetted Redelineation
TERENGGANU,P.039 DUNGUN,N. 27 SURA,18,AS per 2018 Gazetted Redelineation
TERENGGANU,P.039 DUNGUN,N. 28 PAKA,349,AS per 2018 Gazetted Redelineation
TERENGGANU,P.040 KEMAMAN,N. 29 KEMASIK,314,AS per 2018 Gazetted Redelineation
TERENGGANU,P.040 KEMAMAN,N. 30 KIJAL,550,AS per 2018 Gazetted Redelineation
TERENGGANU,P.040 KEMAMAN,N. 31 CUKAI,64,AS per 2018 Gazetted Redelineation
TERENGGANU,P.040 KEMAMAN,N. 32 AIR PUTIH,1612,AS per 2018 Gazetted Redelineation
PULAU PINANG,P.041 KEPALA BATAS,N. 01 PENAGA,39,AS per 2018 Gazetted Redelineation
PULAU PINANG,P.041 KEPALA BATAS,N. 02 BERTAM,24,AS per 2018 Gazetted Redelineation
PULAU PINANG,P.041 KEPALA BATAS,N. 03 PINANG TUNGGAL,75,AS per 2018 Gazetted Redelineation
PULAU PINANG,P.042 TASEK GELUGOR,N. 04 PERMATANG BERANGAN,56,AS per 2018 Gazetted Redelineation
PULAU PINANG,P.042 TASEK GELUGOR,N. 05 SUNGAI DUA,35,AS per 2018 Gazetted Redelineation
PULAU PINANG,P.042 TASEK GELUGOR,N. 06 TELOK AYER TAWAR,18,AS per 2018 Gazetted Redelineation
PULAU PINANG,P.043 BAGAN,N. 07 SUNGAI PUYU,7,AS per 2018 Gazetted Redelineation
PULAU PINANG,P.043 BAGAN,N. 08 BAGAN JERMAL,6,AS per 2018 Gazetted Redelineation
PULAU PINANG,P.043 BAGAN,N. 09 BAGAN DALAM,7,AS per 2018 Gazetted Redelineation
PULAU PINANG,P.044 PERMATANG PAUH,N. 10 SEBERANG JAYA,22,AS per 2018 Gazetted Redelineation
PULAU PINANG,P.044 PERMATANG PAUH,N. 11 PERMATANG PASIR,29,AS per 2018 Gazetted Redelineation
PULAU PINANG,P.044 PERMATANG PAUH,N. 12 PENANTI,47,AS per 2018 Gazetted Redelineation
PULAU PINANG,P.045 BUKIT MERTAJAM,N. 13 BERAPIT,6,AS per 2018 Gazetted Redelineation
PULAU PINANG,P.045 BUKIT MERTAJAM,N. 14 MACHANG BUBUK,62,AS per 2018 Gazetted Redelineation
PULAU PINANG,P.045 BUKIT MERTAJAM,N. 15 PADANG LALANG,10,AS per 2018 Gazetted Redelineation
PULAU PINANG,P.046 BATU KAWAN,N. 16 PERAI,11,AS per 2018 Gazetted Redelineation
PULAU PINANG,P.046 BATU KAWAN,N. 17 BUKIT TENGAH,52,AS per 2018 Gazetted Redelineation
PULAU PINANG,P.046 BATU KAWAN,N. 18 BUKIT TAMBUN,66,AS per 2018 Gazetted Redelineation
PULAU PINANG,P.047 NIBONG TEBAL,N. 19 JAWI,56,AS per 2018 Gazetted Redelineation
PULAU PINANG,P.047 NIBONG TEBAL,N. 20 SUNGAI BAKAP,84,AS per 2018 Gazetted Redelineation
PULAU PINANG,P.047 NIBONG TEBAL,N. 21 SUNGAI ACHEH,38,AS per 2018 Gazetted Redelineation
PULAU PINANG,P.048 BUKIT BENDERA,N. 22 TANJONG BUNGA,19,AS per 2018 Gazetted Redelineation
PULAU PINANG,P.048 BUKIT BENDERA,N. 23 AIR PUTIH,29,AS per 2018 Gazetted Redelineation
PULAU PINANG,P.048 BUKIT BENDERA,N. 24 KEBUN BUNGA,11,AS per 2018 Gazetted Redelineation
PULAU PINANG,P.048 BUKIT BENDERA,N. 25 PULAU TIKUS,6,AS per 2018 Gazetted Redelineation
PULAU PINANG,P.049 TANJONG,N. 26 PADANG KOTA,3,AS per 2018 Gazetted Redelineation
PULAU PINANG,P.049 TANJONG,N. 27 PENGKALAN KOTA,1,AS per 2018 Gazetted Redelineation
PULAU PINANG,P.049 TANJONG,N. 28 KOMTAR,2,AS per 2018 Gazetted Redelineation
PULAU PINANG,P.050 JELUTONG,N. 29 DATOK KERAMAT,3,AS per 2018 Gazetted Redelineation
PULAU PINANG,P.050 JELUTONG,N. 30 SUNGAI PINANG,4,AS per 2018 Gazetted Redelineation
PULAU PINANG,P.050 JELUTONG,N. 31 BATU LANCANG,3,AS per 2018 Gazetted Redelineation
PULAU PINANG,P.051 BUKIT GELUGOR,N. 32 SERI DELIMA,5,AS per 2018 Gazetted Redelineation
PULAU PINANG,P.051 BUKIT GELUGOR,N. 33 AIR ITAM,3,AS per 2018 Gazetted Redelineation
PULAU PINANG,P.051 BUKIT GELUGOR,N. 34 PAYA TERUBONG,24,AS per 2018 Gazetted Redelineation
PULAU PINANG,P.052 BAYAN BARU,N. 35 BATU UBAN,9,AS per 2018 Gazetted Redelineation
PULAU PINANG,P.052 BAYAN BARU,N. 36 PANTAI JEREJAK,11,AS per 2018 Gazetted Redelineation
PULAU PINANG,P.052 BAYAN BARU,N. 37 BATU MAUNG,21,AS per 2018 Gazetted Redelineation
PULAU PINANG,P.053 BALIK PULAU,N. 38 BAYAN LEPAS,38,AS per 2018 Gazetted Redelineation
PULAU PINANG,P.053 BALIK PULAU,N. 39 PULAU BETONG,44,AS per 2018 Gazetted Redelineation
PULAU PINANG,P.053 BALIK PULAU,N. 40 TELOK BAHANG,65,AS per 2018 Gazetted Redelineation
PERAK,P.054 GERIK,N. 01 PENGKALAN HULU,523,AS per 2018 Gazetted Redelineation
PERAK,P.054 GERIK,N. 02 TEMENGOR,3998,AS per 2018 Gazetted Redelineation
PERAK,P.055 LENGGONG,N. 03 KENERING,1475,AS per 2018 Gazetted Redelineation
PERAK,P.055 LENGGONG,N. 04 KOTA TAMPAN,318,AS per 2018 Gazetted Redelineation
PERAK,P.056 LARUT,N. 05 SELAMA,475,AS per 2018 Gazetted Redelineation
PERAK,P.056 LARUT,N. 06 KUBU GAJAH,458,AS per 2018 Gazetted Redelineation
PERAK,P.056 LARUT,N. 07 BATU KURAU,196,AS per 2018 Gazetted Redelineation
PERAK,P.057 PARIT BUNTAR,N. 08 TITI SERONG,70,AS per 2018 Gazetted Redelineation
PERAK,P.057 PARIT BUNTAR,N. 09 KUALA KURAU,75,AS per 2018 Gazetted Redelineation
PERAK,P.058 BAGAN SERAI,N. 10 ALOR PONGSU,244,AS per 2018 Gazetted Redelineation
PERAK,P.058 BAGAN SERAI,N. 11 GUNONG SEMANGGOL,266,AS per 2018 Gazetted Redelineation
PERAK,P.058 BAGAN SERAI,N. 12 SELINSING,260,AS per 2018 Gazetted Redelineation
PERAK,P.059 BUKIT GANTANG,N. 13 KUALA SAPETANG,232,AS per 2018 Gazetted Redelineation
PERAK,P.059 BUKIT GANTANG,N. 14 CHANGKAT JERING,81,AS per 2018 Gazetted Redelineation
PERAK,P.059 BUKIT GANTANG,N. 15 TRONG,520,AS per 2018 Gazetted Redelineation
PERAK,P.060 TAIPING,N. 16 KAMUNTING,46,AS per 2018 Gazetted Redelineation
PERAK,P.060 TAIPING,N. 17 POKOK ASSAM,50,AS per 2018 Gazetted Redelineation
PERAK,P.060 TAIPING,N. 18 AULONG,22,AS per 2018 Gazetted Redelineation
PERAK,P.061 PADANG RENGAS,N. 19 CHENDEROH,205,AS per 2018 Gazetted Redelineation
PERAK,P.061 PADANG RENGAS,N. 20 LUBOK MERBAU,190,AS per 2018 Gazetted Redelineation
PERAK,P.062 SUNGAI SIPUT,N. 21 LINTANG,1364,AS per 2018 Gazetted Redelineation
PERAK,P.062 SUNGAI SIPUT,N. 22 JALONG,486,AS per 2018 Gazetted Redelineation
PERAK,P.063 TAMBUN,N. 23 MANJOI,116,AS per 2018 Gazetted Redelineation
PERAK,P.063 TAMBUN,N. 24 HULU KINTA,419,AS per 2018 Gazetted Redelineation
PERAK,P.064 IPOH TIMOR,N. 25 CANNING,14,AS per 2018 Gazetted Redelineation
PERAK,P.064 IPOH TIMOR,N. 26 TEBING TINGGI,21,AS per 2018 Gazetted Redelineation
PERAK,P.064 IPOH TIMOR,N. 27 PASIR PINJI,8,AS per 2018 Gazetted Redelineation
PERAK,P.065 IPOH BARAT,N. 28 BERCHAM,15,AS per 2018 Gazetted Redelineation
PERAK,P.065 IPOH BARAT,N. 29 KEPAYANG,13,AS per 2018 Gazetted Redelineation
PERAK,P.065 IPOH BARAT,N. 30 BUNTONG,9,AS per 2018 Gazetted Redelineation
PERAK,P.066 BATU GAJAH,N. 31 JELAPANG,77,AS per 2018 Gazetted Redelineation
PERAK,P.066 BATU GAJAH,N. 32 MENGLEMBU,21,AS per 2018 Gazetted Redelineation
PERAK,P.066 BATU GAJAH,N. 33 TRONOH,118,AS per 2018 Gazetted Redelineation
PERAK,P.067 KUALA KANGSAR,N. 34 BUKIT CHANDAN,308,AS per 2018 Gazetted Redelineation
PERAK,P.067 KUALA KANGSAR,N. 35 MANONG,268,AS per 2018 Gazetted Redelineation
PERAK,P.068 BERUAS,N. 36 PENGKALAN BAHARU,387,AS per 2018 Gazetted Redelineation
PERAK,P.068 BERUAS,N. 37 PANTAI REMIS,292,AS per 2018 Gazetted Redelineation
PERAK,P.068 BERUAS,N. 38 ASTAKA,75,AS per 2018 Gazetted Redelineation
PERAK,P.069 PARIT,N. 39 BELANJA,288,AS per 2018 Gazetted Redelineation
PERAK,P.069 PARIT,N. 40 BOTA,272,AS per 2018 Gazetted Redelineation
PERAK,P.070 KAMPAR,N. 41 MALIM NAWAR,142,AS per 2018 Gazetted Redelineation
PERAK,P.070 KAMPAR,N. 42 KERANJI,54,AS per 2018 Gazetted Redelineation
PERAK,P.070 KAMPAR,N. 43 TUALANG SEKAH,351,AS per 2018 Gazetted Redelineation
PERAK,P.071 GOPENG,N. 44 SUNGAI RAPAT,54,AS per 2018 Gazetted Redelineation
PERAK,P.071 GOPENG,N. 45 SIMPANG PULAI,121,AS per 2018 Gazetted Redelineation
PERAK,P.071 GOPENG,N. 46 TEJA,402,AS per 2018 Gazetted Redelineation
PERAK,P.072 TAPAH,N. 47 CHENDERIANG,571,AS per 2018 Gazetted Redelineation
PERAK,P.072 TAPAH,N. 48 AYER KUNING,322,AS per 2018 Gazetted Redelineation
PERAK,P.073 PASIR SALAK,N. 49 SUNGAI MANIK,230,AS per 2018 Gazetted Redelineation
PERAK,P.073 PASIR SALAK,N. 50 KAMPONG GAJAH,834,AS per 2018 Gazetted Redelineation
PERAK,P.074 LUMUT,N. 51 PASIR PANJANG,221,AS per 2018 Gazetted Redelineation
PERAK,P.074 LUMUT,N. 52 PANGKOR,122,AS per 2018 Gazetted Redelineation
PERAK,P.075 BAGAN DATUK,N. 53 RUNGKUP,264,AS per 2018 Gazetted Redelineation
PERAK,P.075 BAGAN DATUK,N. 54 HUTAN MELINTANG,371,AS per 2018 Gazetted Redelineation
PERAK,P.076 TELUK INTAN,N. 55 PASIR BEDAMAR,39,AS per 2018 Gazetted Redelineation
PERAK,P.076 TELUK INTAN,N. 56 CHANGKAT JONG,735,AS per 2018 Gazetted Redelineation
PERAK,P.077 TANJONG MALIM,N. 57 SUNGKAI,215,AS per 2018 Gazetted Redelineation
PERAK,P.077 TANJONG MALIM,N. 58 SLIM,520,AS per 2018 Gazetted Redelineation
PERAK,P.077 TANJONG MALIM,N. 59 BEHRANG,1147,AS per 2018 Gazetted Redelineation
PAHANG,P.078 CAMERON HIGHLANDS,N. 01 TANAH RATA,681,AS per 2018 Gazetted Redelineation
PAHANG,P.078 CAMERON HIGHLANDS,N. 02 JELAI,2433,AS per 2018 Gazetted Redelineation
PAHANG,P.079 LIPIS,N. 03 PADANG TENGKU,2184,AS per 2018 Gazetted Redelineation
PAHANG,P.079 LIPIS,N. 04 CHEKA,481,AS per 2018 Gazetted Redelineation
PAHANG,P.079 LIPIS,N. 05 BENTA,339,AS per 2018 Gazetted Redelineation
PAHANG,P.080 RAUB,N. 06 BATU TALAM,1063,AS per 2018 Gazetted Redelineation
PAHANG,P.080 RAUB,N. 07 TRAS,424,AS per 2018 Gazetted Redelineation
PAHANG,P.080 RAUB,N. 08 DONG,809,AS per 2018 Gazetted Redelineation
PAHANG,P.081 JERANTUT,N. 09 TAHAN,5813,AS per 2018 Gazetted Redelineation
PAHANG,P.081 JERANTUT,N. 10 DAMAK,544,AS per 2018 Gazetted Redelineation
PAHANG,P.081 JERANTUT,N. 11 PULAU TAWAR,916,AS per 2018 Gazetted Redelineation
PAHANG,P.082 INDERA MAHKOTA,N. 12 BESERAH,307,AS per 2018 Gazetted Redelineation
PAHANG,P.082 INDERA MAHKOTA,N. 13 SEMAMBU,85,AS per 2018 Gazetted Redelineation
PAHANG,P.083 KUANTAN,N. 14 TERUNTUM,12,AS per 2018 Gazetted Redelineation
PAHANG,P.083 KUANTAN,N. 15 TANJUNG LUMPUR,42,AS per 2018 Gazetted Redelineation
PAHANG,P.083 KUANTAN,N. 16 INDERAPURA,111,AS per 2018 Gazetted Redelineation
PAHANG,P.084 PAYA BESAR,N. 17 SUNGAI LEMBING,1039,AS per 2018 Gazetted Redelineation
PAHANG,P.084 PAYA BESAR,N. 18 LEPAR,1008,AS per 2018 Gazetted Redelineation
PAHANG,P.084 PAYA BESAR,N. 19 PANCHING,171,AS per 2018 Gazetted Redelineation
PAHANG,P.085 PEKAN,N. 20 PULAU MANIS,934,AS per 2018 Gazetted Redelineation
PAHANG,P.085 PEKAN,N. 21 PERAMU JAYA,227,AS per 2018 Gazetted Redelineation
PAHANG,P.085 PEKAN,N. 22 BEBAR,2093,AS per 2018 Gazetted Redelineation
PAHANG,P.085 PEKAN,N. 23 CHINI,592,AS per 2018 Gazetted Redelineation
PAHANG,P.086 MARAN,N. 24 LUIT,641,AS per 2018 Gazetted Redelineation
PAHANG,P.086 MARAN,N. 25 KUALA SENTUL,441,AS per 2018 Gazetted Redelineation
PAHANG,P.086 MARAN,N. 26 CHENOR,527,AS per 2018 Gazetted Redelineation
PAHANG,P.087 KUALA KRAU,N. 27 JENDERAK,828,AS per 2018 Gazetted Redelineation
PAHANG,P.087 KUALA KRAU,N. 28 KERDAU,268,AS per 2018 Gazetted Redelineation
PAHANG,P.087 KUALA KRAU,N. 29 JENGKA,295,AS per 2018 Gazetted Redelineation
PAHANG,P.088 TEMERLOH,N. 30 MENTAKAB,43,AS per 2018 Gazetted Redelineation
PAHANG,P.088 TEMERLOH,N. 31 LANCHANG,949,AS per 2018 Gazetted Redelineation
PAHANG,P.088 TEMERLOH,N. 32 KUALA SEMANTAN,189,AS per 2018 Gazetted Redelineation
PAHANG,P.089 BENTONG,N. 33 BILUT,269,AS per 2018 Gazetted Redelineation
PAHANG,P.089 BENTONG,N. 34 KETARI,533,AS per 2018 Gazetted Redelineation
PAHANG,P.089 BENTONG,N. 35 SABAI,415,AS per 2018 Gazetted Redelineation
PAHANG,P.089 BENTONG,N. 36 PELANGAI,649,AS per 2018 Gazetted Redelineation
PAHANG,P.090 BERA,N. 37 GUAI,427,AS per 2018 Gazetted Redelineation
PAHANG,P.090 BERA,N. 38 TRIANG,286,AS per 2018 Gazetted Redelineation
PAHANG,P.090 BERA,N. 39 KEMAYAN,1492,AS per 2018 Gazetted Redelineation
PAHANG,P.091 ROMPIN,N. 40 BUKIT IBAM,2024,AS per 2018 Gazetted Redelineation
PAHANG,P.091 ROMPIN,N. 41 MUADZAM SHAH,1799,AS per 2018 Gazetted Redelineation
PAHANG,P.091 ROMPIN,N. 42 TIOMAN,1567,AS per 2018 Gazetted Redelineation
SELANGOR,P.092 SABAK BERNAM,N. 01 SUNGAI AIR TAWAR,187,AS per 2018 Gazetted Redelineation
SELANGOR,P.092 SABAK BERNAM,N. 02 SABAK,157,AS per 2018 Gazetted Redelineation
SELANGOR,P.093 SUNGAI BESAR,N. 03 SUNGAI PANJANG,383,AS per 2018 Gazetted Redelineation
SELANGOR,P.093 SUNGAI BESAR,N. 04 SEKINCHAN,256,AS per 2018 Gazetted Redelineation
SELANGOR,P.094 HULU SELANGOR,N. 05 HULU BERNAM,580,AS per 2018 Gazetted Redelineation
SELANGOR,P.094 HULU SELANGOR,N. 06 KUALA KUBU BAHARU,617,AS per 2018 Gazetted Redelineation
SELANGOR,P.094 HULU SELANGOR,N. 07 BATANG KALI,515,AS per 2018 Gazetted Redelineation
SELANGOR,P.095 TANJONG KARANG,N. 08 SUNGAI BURONG,180,AS per 2018 Gazetted Redelineation
SELANGOR,P.095 TANJONG KARANG,N. 09 PERMATANG,599,AS per 2018 Gazetted Redelineation
SELANGOR,P.096 KUALA SELANGOR,N. 10 BUKIT MELAWATI,155,AS per 2018 Gazetted Redelineation
SELANGOR,P.096 KUALA SELANGOR,N. 11 IJOK,110,AS per 2018 Gazetted Redelineation
SELANGOR,P.096 KUALA SELANGOR,N. 12 JERAM,169,AS per 2018 Gazetted Redelineation
SELANGOR,P.097 SELAYANG,N. 13 KUANG,98,AS per 2018 Gazetted Redelineation
SELANGOR,P.097 SELAYANG,N. 14 RAWANG,116,AS per 2018 Gazetted Redelineation
SELANGOR,P.097 SELAYANG,N. 15 TAMAN TEMPLER,71,AS per 2018 Gazetted Redelineation
SELANGOR,P.098 GOMBAK,N. 16 SUNGAI TUA,62,AS per 2018 Gazetted Redelineation
SELANGOR,P.098 GOMBAK,N. 17 GOMBAK SETIA,132,AS per 2018 Gazetted Redelineation
SELANGOR,P.098 GOMBAK,N. 18 HULU KELANG,71,AS per 2018 Gazetted Redelineation
SELANGOR,P.099 AMPANG,N. 19 BUKIT ANTARABANGSA,14,AS per 2018 Gazetted Redelineation
SELANGOR,P.099 AMPANG,N. 20 LEMBAH JAYA,37,AS per 2018 Gazetted Redelineation
SELANGOR,P.100 PANDAN,N. 21 PANDAN INDAH,7,AS per 2018 Gazetted Redelineation
SELANGOR,P.100 PANDAN,N. 22 TERATAI,13,AS per 2018 Gazetted Redelineation
SELANGOR,P.101 HULU LANGAT,N. 23 DUSUN TUA,283,AS per 2018 Gazetted Redelineation
SELANGOR,P.101 HULU LANGAT,N. 24 SEMENYIH,337,AS per 2018 Gazetted Redelineation
SELANGOR,P.102 BANGI,N. 25 KAJANG,80,AS per 2018 Gazetted Redelineation
SELANGOR,P.102 BANGI,N. 26 SUNGAI RAMAL,73,AS per 2018 Gazetted Redelineation
SELANGOR,P.102 BANGI,N. 27 BALAKONG,31,AS per 2018 Gazetted Redelineation
SELANGOR,P.103 PUCHONG,N. 28 SERI KEMBANGAN,21,AS per 2018 Gazetted Redelineation
SELANGOR,P.103 PUCHONG,N. 29 SERI SERDANG,57,AS per 2018 Gazetted Redelineation
SELANGOR,P.104 SUBANG,N. 30 KINRARA,44,AS per 2018 Gazetted Redelineation
SELANGOR,P.104 SUBANG,N. 31 SUBANG JAYA,25,AS per 2018 Gazetted Redelineation
SELANGOR,P.105 PETALING JAYA ,N. 32 SERI SETIA,34,AS per 2018 Gazetted Redelineation
SELANGOR,P.105 PETALING JAYA ,N. 33 TAMAN MEDAN,8,AS per 2018 Gazetted Redelineation
SELANGOR,P.105 PETALING JAYA ,N. 34 BUKIT GASING,13,AS per 2018 Gazetted Redelineation
SELANGOR,P.106 DAMANSARA,N. 35 KAMPUNG TUNKU,7,AS per 2018 Gazetted Redelineation
SELANGOR,P.106 DAMANSARA,N. 36 BANDAR UTAMA,14,AS per 2018 Gazetted Redelineation
SELANGOR,P.106 DAMANSARA,N. 37 BUKIT LANJAN,44,AS per 2018 Gazetted Redelineation
SELANGOR,P.107 SUNGAI BULOH,N. 38 PAYA JARAS,73,AS per 2018 Gazetted Redelineation
SELANGOR,P.107 SUNGAI BULOH,N. 39 KOTA DAMANSARA,60,AS per 2018 Gazetted Redelineation
SELANGOR,P.108 SHAH ALAM,N. 40 KOTA ANGGERIK,114,AS per 2018 Gazetted Redelineation
SELANGOR,P.108 SHAH ALAM,N. 41 BATU TIGA,26,AS per 2018 Gazetted Redelineation
SELANGOR,P.109 KAPAR,N. 42 MERU,80,AS per 2018 Gazetted Redelineation
SELANGOR,P.109 KAPAR,N. 43 SEMENTA,121,AS per 2018 Gazetted Redelineation
SELANGOR,P.109 KAPAR,N. 44 SELAT KLANG,161,AS per 2018 Gazetted Redelineation
SELANGOR,P.110 KLANG,N. 45 BANDAR BARU KLANG,25,AS per 2018 Gazetted Redelineation
SELANGOR,P.110 KLANG,N. 46 PELABUHAN KLANG,122,AS per 2018 Gazetted Redelineation
SELANGOR,P.110 KLANG,N. 47 PANDAMARAN,15,AS per 2018 Gazetted Redelineation
SELANGOR,P.111 KOTA RAJA,N. 48 SENTOSA,22,AS per 2018 Gazetted Redelineation
SELANGOR,P.111 KOTA RAJA,N. 49 SUNGAI KANDIS,70,AS per 2018 Gazetted Redelineation
SELANGOR,P.111 KOTA RAJA,N. 50 KOTA KEMUNING,49,AS per 2018 Gazetted Redelineation
SELANGOR,P.112 KUALA LANGAT,N. 51 SIJANGKANG,366,AS per 2018 Gazetted Redelineation
SELANGOR,P.112 KUALA LANGAT,N. 52 BANTING,84,AS per 2018 Gazetted Redelineation
SELANGOR,P.112 KUALA LANGAT,N. 53 MORIB,132,AS per 2018 Gazetted Redelineation
SELANGOR,P.113 SEPANG,N. 54 TANJONG SEPAT,276,AS per 2018 Gazetted Redelineation
SELANGOR,P.113 SEPANG,N. 55 DENGKIL,326,AS per 2018 Gazetted Redelineation
SELANGOR,P.113 SEPANG,N. 56 SUNGAI PELEK,239,AS per 2018 Gazetted Redelineation
WILAYAH PERSEKUTUAN KUALA LUMPUR,P.114 KEPONG,N/A,N/A,AS per 2018 Gazetted Redelineation
WILAYAH PERSEKUTUAN KUALA LUMPUR,P.115 BATU,N/A,N/A,AS per 2018 Gazetted Redelineation
WILAYAH PERSEKUTUAN KUALA LUMPUR,P.116 WANGSA MAJU,N/A,N/A,AS per 2018 Gazetted Redelineation
WILAYAH PERSEKUTUAN KUALA LUMPUR,P.117 SEGAMBUT,N/A,N/A,AS per 2018 Gazetted Redelineation
WILAYAH PERSEKUTUAN KUALA LUMPUR,P.118 SETIAWANGSA,N/A,N/A,AS per 2018 Gazetted Redelineation
WILAYAH PERSEKUTUAN KUALA LUMPUR,P.119 TITIWANGSA,N/A,N/A,AS per 2018 Gazetted Redelineation
WILAYAH PERSEKUTUAN KUALA LUMPUR,P.120 BUKIT BINTANG,N/A,N/A,AS per 2018 Gazetted Redelineation
WILAYAH PERSEKUTUAN KUALA LUMPUR,P.121 LEMBAH PANTAI,N/A,N/A,AS per 2018 Gazetted Redelineation
WILAYAH PERSEKUTUAN KUALA LUMPUR,P.122 SEPUTEH,N/A,N/A,AS per 2018 Gazetted Redelineation
WILAYAH PERSEKUTUAN KUALA LUMPUR,P.123 CHERAS,N/A,N/A,AS per 2018 Gazetted Redelineation
WILAYAH PERSEKUTUAN KUALA LUMPUR,P.124 BANDAR TUN RAZAK,N/A,N/A,AS per 2018 Gazetted Redelineation
WILAYAH PERSEKUTUAN PUTRAJAYA,P.125 PUTRAJAYA,N/A,N/A,AS per 2018 Gazetted Redelineation
NEGERI SEMBILAN,P.126 JELEBU,N. 01 CHENNAH,720,AS per 2018 Gazetted Redelineation
NEGERI SEMBILAN,P.126 JELEBU,N. 02 PERTANG,400,AS per 2018 Gazetted Redelineation
NEGERI SEMBILAN,P.126 JELEBU,N. 03 SUNGAI LUI,368,AS per 2018 Gazetted Redelineation
NEGERI SEMBILAN,P.126 JELEBU,N. 04 KLAWANG,229,AS per 2018 Gazetted Redelineation
NEGERI SEMBILAN,P.127 JEMPOL,N. 05 SERTING,348,AS per 2018 Gazetted Redelineation
NEGERI SEMBILAN,P.127 JEMPOL,N. 06 PALONG,369,AS per 2018 Gazetted Redelineation
NEGERI SEMBILAN,P.127 JEMPOL,N. 07 JERAM PADANG,360,AS per 2018 Gazetted Redelineation
NEGERI SEMBILAN,P.127 JEMPOL,N. 08 BAHAU,48,AS per 2018 Gazetted Redelineation
NEGERI SEMBILAN,P.128 SEREMBAN,N. 09 LENGGENG,271,AS per 2018 Gazetted Redelineation
NEGERI SEMBILAN,P.128 SEREMBAN,N. 10 NILAI,170,AS per 2018 Gazetted Redelineation
NEGERI SEMBILAN,P.128 SEREMBAN,N. 11 LOBAK,24,AS per 2018 Gazetted Redelineation
NEGERI SEMBILAN,P.128 SEREMBAN,N. 12 TEMIANG,6,AS per 2018 Gazetted Redelineation
NEGERI SEMBILAN,P.128 SEREMBAN,N. 13 SIKAMAT,14,AS per 2018 Gazetted Redelineation
NEGERI SEMBILAN,P.128 SEREMBAN,N. 14 AMPANGAN,8,AS per 2018 Gazetted Redelineation
NEGERI SEMBILAN,P.129 KUALA PILAH,N. 15 JUASSEH,206,AS per 2018 Gazetted Redelineation
NEGERI SEMBILAN,P.129 KUALA PILAH,N. 16 SERI MENANTI,327,AS per 2018 Gazetted Redelineation
NEGERI SEMBILAN,P.129 KUALA PILAH,N. 17 SENALING,109,AS per 2018 Gazetted Redelineation
NEGERI SEMBILAN,P.129 KUALA PILAH,N. 18 PILAH,56,AS per 2018 Gazetted Redelineation
NEGERI SEMBILAN,P.129 KUALA PILAH,N. 19 JOHOL,328,AS per 2018 Gazetted Redelineation
NEGERI SEMBILAN,P.130 RASAH,N. 20 LABU,144,AS per 2018 Gazetted Redelineation
NEGERI SEMBILAN,P.130 RASAH,N. 21 BUKIT KEPAYANG,49,AS per 2018 Gazetted Redelineation
NEGERI SEMBILAN,P.130 RASAH,N. 22 RAHANG,7,AS per 2018 Gazetted Redelineation
NEGERI SEMBILAN,P.130 RASAH,N. 23 MAMBAU,22,AS per 2018 Gazetted Redelineation
NEGERI SEMBILAN,P.130 RASAH,N. 24 SEREMBAN JAYA,12,AS per 2018 Gazetted Redelineation
NEGERI SEMBILAN,P.131 REMBAU,N. 25 PAROI,104,AS per 2018 Gazetted Redelineation
NEGERI SEMBILAN,P.131 REMBAU,N. 26 CHEMBONG,193,AS per 2018 Gazetted Redelineation
NEGERI SEMBILAN,P.131 REMBAU,N. 27 RANTAU,124,AS per 2018 Gazetted Redelineation
NEGERI SEMBILAN,P.131 REMBAU,N. 28 KOTA,214,AS per 2018 Gazetted Redelineation
NEGERI SEMBILAN,P.132 PORT DICKSON,N. 29 CHUAH,111,AS per 2018 Gazetted Redelineation
NEGERI SEMBILAN,P.132 PORT DICKSON,N. 30 LUKUT,90,AS per 2018 Gazetted Redelineation
NEGERI SEMBILAN,P.132 PORT DICKSON,N. 31 BAGAN PINANG,141,AS per 2018 Gazetted Redelineation
NEGERI SEMBILAN,P.132 PORT DICKSON,N. 32 LINGGI,197,AS per 2018 Gazetted Redelineation
NEGERI SEMBILAN,P.132 PORT DICKSON,N. 33 SRI TANJUNG,32,AS per 2018 Gazetted Redelineation
NEGERI SEMBILAN,P.133 TAMPIN,N. 34 GEMAS,303,AS per 2018 Gazetted Redelineation
NEGERI SEMBILAN,P.133 TAMPIN,N. 35 GEMENCHEH,409,AS per 2018 Gazetted Redelineation
NEGERI SEMBILAN,P.133 TAMPIN,N. 36 REPAH,149,AS per 2018 Gazetted Redelineation
MELAKA,P.134 MASJID TANAH,N. 01 KUALA LINGGI,59,AS per 2018 Gazetted Redelineation
MELAKA,P.134 MASJID TANAH,N. 02 TANJUNG BIDARA,36,AS per 2018 Gazetted Redelineation
MELAKA,P.134 MASJID TANAH,N. 03 AYER LIMAU,64,AS per 2018 Gazetted Redelineation
MELAKA,P.134 MASJID TANAH,N. 04 LENDU,71,AS per 2018 Gazetted Redelineation
MELAKA,P.134 MASJID TANAH,N. 05 TABOH NANING,95,AS per 2018 Gazetted Redelineation
MELAKA,P.135 ALOR GAJAH,N. 06 REMBIA,54,AS per 2018 Gazetted Redelineation
MELAKA,P.135 ALOR GAJAH,N. 07 GADEK,67,AS per 2018 Gazetted Redelineation
MELAKA,P.135 ALOR GAJAH,N. 08 MACHAP JAYA,161,AS per 2018 Gazetted Redelineation
MELAKA,P.135 ALOR GAJAH,N. 09 DURIAN TUNGGAL,64,AS per 2018 Gazetted Redelineation
MELAKA,P.135 ALOR GAJAH,N. 10 ASAHAN,214,AS per 2018 Gazetted Redelineation
MELAKA,P.136 TANGGA BATU,N. 11 SUNGAI UDANG,35,AS per 2018 Gazetted Redelineation
MELAKA,P.136 TANGGA BATU,N. 12 PANTAI KUNDOR,17,AS per 2018 Gazetted Redelineation
MELAKA,P.136 TANGGA BATU,N. 13 PAYA RUMPUT,47,AS per 2018 Gazetted Redelineation
MELAKA,P.136 TANGGA BATU,N. 14 KELEBANG,22,AS per 2018 Gazetted Redelineation
MELAKA,P.137 HANG TUAH JAYA,N. 15 PENGKALAN BATU,11,AS per 2018 Gazetted Redelineation
MELAKA,P.137 HANG TUAH JAYA,N. 16 AYER KEROH,35,AS per 2018 Gazetted Redelineation
MELAKA,P.137 HANG TUAH JAYA,N. 17 BUKIT KATIL,17,AS per 2018 Gazetted Redelineation
MELAKA,P.137 HANG TUAH JAYA,N. 18 AYER MOLEK,53,AS per 2018 Gazetted Redelineation
MELAKA,P.138 KOTA MELAKA,N. 19 KESIDANG,22,AS per 2018 Gazetted Redelineation
MELAKA,P.138 KOTA MELAKA,N. 20 KOTA LAKSAMANA,7,AS per 2018 Gazetted Redelineation
MELAKA,P.138 KOTA MELAKA,N. 21 DUYONG,11,AS per 2018 Gazetted Redelineation
MELAKA,P.138 KOTA MELAKA,N. 22 BANDAR HILIR,5,AS per 2018 Gazetted Redelineation
MELAKA,P.138 KOTA MELAKA,N. 23 TELOK MAS,21,AS per 2018 Gazetted Redelineation
MELAKA,P.139 JASIN,N. 24 BEMBAN,119,AS per 2018 Gazetted Redelineation
MELAKA,P.139 JASIN,N. 25 RIM,137,AS per 2018 Gazetted Redelineation
MELAKA,P.139 JASIN,N. 26 SERKAM,42,AS per 2018 Gazetted Redelineation
MELAKA,P.139 JASIN,N. 27 MERLIMAU,88,AS per 2018 Gazetted Redelineation
MELAKA,P.139 JASIN,N. 28 SUNGAI RAMBAI,93,AS per 2018 Gazetted Redelineation
JOHOR,P.140 SEGAMAT,N. 01 BULOH KASAP,594,AS per 2018 Gazetted Redelineation
JOHOR,P.140 SEGAMAT,N. 02 JEMENTAH,347,AS per 2018 Gazetted Redelineation
JOHOR,P.141 SEKIJANG,N. 03 PEMANIS,230,AS per 2018 Gazetted Redelineation
JOHOR,P.141 SEKIJANG,N. 04 KEMELAH,320,AS per 2018 Gazetted Redelineation
JOHOR,P.142 LABIS,N. 05 TENANG,306,AS per 2018 Gazetted Redelineation
JOHOR,P.142 LABIS,N. 06 BEKOK,1068,AS per 2018 Gazetted Redelineation
JOHOR,P.143 PAGOH,N. 07 BUKIT KEPONG,1023,AS per 2018 Gazetted Redelineation
JOHOR,P.143 PAGOH,N. 08 BUKIT PASIR,235,AS per 2018 Gazetted Redelineation
JOHOR,P.144 LEDANG,N. 09 GAMBIR,219,AS per 2018 Gazetted Redelineation
JOHOR,P.144 LEDANG,N. 10 TANGKAK,238,AS per 2018 Gazetted Redelineation
JOHOR,P.144 LEDANG,N. 11 SEROM,196,AS per 2018 Gazetted Redelineation
JOHOR,P.145 BAKRI,N. 12 BENTAYAN,11,AS per 2018 Gazetted Redelineation
JOHOR,P.145 BAKRI,N. 13 SIMPANG JERAM,36,AS per 2018 Gazetted Redelineation
JOHOR,P.145 BAKRI,N. 14 BUKIT NANING,144,AS per 2018 Gazetted Redelineation
JOHOR,P.146 MUAR,N. 15 MAHARANI,65,AS per 2018 Gazetted Redelineation
JOHOR,P.146 MUAR,N. 16 SUNGAI BALANG,203,AS per 2018 Gazetted Redelineation
JOHOR,P.147 PARIT SULONG,N. 17 SEMERAH,165,AS per 2018 Gazetted Redelineation
JOHOR,P.147 PARIT SULONG,N. 18 SRI MEDAN,303,AS per 2018 Gazetted Redelineation
JOHOR,P.148 AYER HITAM,N. 19 YONG PENG,555,AS per 2018 Gazetted Redelineation
JOHOR,P.148 AYER HITAM,N. 20 SEMARANG,192,AS per 2018 Gazetted Redelineation
JOHOR,P.149 SRI GADING,N. 21 PARIT YAANI,147,AS per 2018 Gazetted Redelineation
JOHOR,P.149 SRI GADING,N. 22 PARIT RAJA,153,AS per 2018 Gazetted Redelineation
JOHOR,P.150 BATU PAHAT,N. 23 PENGGARAM,30,AS per 2018 Gazetted Redelineation
JOHOR,P.150 BATU PAHAT,N. 24 SENGGARANG,217,AS per 2018 Gazetted Redelineation
JOHOR,P.150 BATU PAHAT,N. 25 RENGIT,199,AS per 2018 Gazetted Redelineation
JOHOR,P.151 SIMPANG RENGGAM,N. 26 MACHAP,376,AS per 2018 Gazetted Redelineation
JOHOR,P.151 SIMPANG RENGGAM,N. 27 LAYANG-LAYANG,375,AS per 2018 Gazetted Redelineation
JOHOR,P.152 KLUANG,N. 28 MENGKIBOL,196,AS per 2018 Gazetted Redelineation
JOHOR,P.152 KLUANG,N. 29 MAHKOTA,60,AS per 2018 Gazetted Redelineation
JOHOR,P.153 SEMBRONG,N. 30 PALOH,928,AS per 2018 Gazetted Redelineation
JOHOR,P.153 SEMBRONG,N. 31 KAHANG,937,AS per 2018 Gazetted Redelineation
JOHOR,P.154 MERSING,N. 32 ENDAU,1104,AS per 2018 Gazetted Redelineation
JOHOR,P.154 MERSING,N. 33 TENGGAROH,1745,AS per 2018 Gazetted Redelineation
JOHOR,P.155 TENGGARA,N. 34 PANTI,802,AS per 2018 Gazetted Redelineation
JOHOR,P.155 TENGGARA,N. 35 PASIR RAJA,350,AS per 2018 Gazetted Redelineation
JOHOR,P.156 KOTA TINGGI,N. 36 SEDILI,1115,AS per 2018 Gazetted Redelineation
JOHOR,P.156 KOTA TINGGI,N. 37 JOHOR LAMA,331,AS per 2018 Gazetted Redelineation
JOHOR,P.157 PENGERANG,N. 38 PENAWAR,468,AS per 2018 Gazetted Redelineation
JOHOR,P.157 PENGERANG,N. 39 TANJUNG SURAT,417,AS per 2018 Gazetted Redelineation
JOHOR,P.158 TEBRAU,N. 40 TIRAM,343,AS per 2018 Gazetted Redelineation
JOHOR,P.158 TEBRAU,N. 41 PUTERI WANGSA,159,AS per 2018 Gazetted Redelineation
JOHOR,P.159 PASIR GUDANG,N. 42 JOHOR JAYA,76,AS per 2018 Gazetted Redelineation
JOHOR,P.159 PASIR GUDANG,N. 43 PERMAS,72,AS per 2018 Gazetted Redelineation
JOHOR,P.160 JOHOR BAHRU,N. 44 LARKIN,20,AS per 2018 Gazetted Redelineation
JOHOR,P.160 JOHOR BAHRU,N. 45 STULANG,15,AS per 2018 Gazetted Redelineation
JOHOR,P.161 PULAI,N. 46 PERLING,52,AS per 2018 Gazetted Redelineation
JOHOR,P.161 PULAI,N. 47 KEMPAS,21,AS per 2018 Gazetted Redelineation
JOHOR,P.162 ISKANDAR PUTERI,N. 48 SKUDAI,38,AS per 2018 Gazetted Redelineation
JOHOR,P.162 ISKANDAR PUTERI,N. 49 KOTA ISKANDAR,256,AS per 2018 Gazetted Redelineation
JOHOR,P.163 KULAI,N. 50 BUKIT PERMAI,286,AS per 2018 Gazetted Redelineation
JOHOR,P.163 KULAI,N. 51 BUKIT BATU,326,AS per 2018 Gazetted Redelineation
JOHOR,P.163 KULAI,N. 52 SENAI,125,AS per 2018 Gazetted Redelineation
JOHOR,P.164 PONTIAN,N. 53 BENUT,248,AS per 2018 Gazetted Redelineation
JOHOR,P.164 PONTIAN,N. 54 PULAI SEBATANG,196,AS per 2018 Gazetted Redelineation
JOHOR,P.165 TANJUNG PIAI,N. 55 PEKAN NANAS,212,AS per 2018 Gazetted Redelineation
JOHOR,P.165 TANJUNG PIAI,N. 56 KUKUP,274,AS per 2018 Gazetted Redelineation
WILAYAH PERSEKUTUAN LABUAN,P.166 LABUAN,N/A,N/A,AS per 2018 Gazetted Redelineation
SABAH,P.167 BANGGI,N. 01 BANGGI,1325.55,"Since there is no redelineation, we use 2003 Gazetted Redelineation Report"
SABAH,P.167 BANGGI,N. 02 TANJONG KAPOR,230.64,"Since there is no redelineation, we use 2003 Gazetted Redelineation Report"
SABAH,P.167 BANGGI,N. 03 PITAS,888.45,"Since there is no redelineation, we use 2003 Gazetted Redelineation Report"
SABAH,P.168 KOTA MARUDU,N. 04 MATUNGGONG,797.23,"Since there is no redelineation, we use 2003 Gazetted Redelineation Report"
SABAH,P.168 KOTA MARUDU,N. 05 TANDEK,1374.09,"Since there is no redelineation, we use 2003 Gazetted Redelineation Report"
SABAH,P.169 KOTA BELUD,N. 06 TEMPASUK,436.63,"Since there is no redelineation, we use 2003 Gazetted Redelineation Report"
SABAH,P.169 KOTA BELUD,N. 07  KADAMAIAN,831.36,"Since there is no redelineation, we use 2003 Gazetted Redelineation Report"
SABAH,P.169 KOTA BELUD,N. 08 USUKAN,98.5,"Since there is no redelineation, we use 2003 Gazetted Redelineation Report"
SABAH,P. 170 TUARAN,N. 09 TAMPARULI,208.14,"Since there is no redelineation, we use 2003 Gazetted Redelineation Report"
SABAH,P. 170 TUARAN,N. 10 SULAMAN,148.84,"Since there is no redelineation, we use 2003 Gazetted Redelineation Report"
SABAH,P. 170 TUARAN,N. 11 KIULU,791.68,"Since there is no redelineation, we use 2003 Gazetted Redelineation Report"
SABAH,P. 171 SEPANGGAR,N. 12 KARAMBUNAI,69.72,"Since there is no redelineation, we use 2003 Gazetted Redelineation Report"
SABAH,P. 171 SEPANGGAR,N. 13 INANAM,202.72,"Since there is no redelineation, we use 2003 Gazetted Redelineation Report"
SABAH,P. 172 KOTA KINABALU,N. 14 LIKAS,20.27,"Since there is no redelineation, we use 2003 Gazetted Redelineation Report"
SABAH,P. 172 KOTA KINABALU,N. 15 API-API,15.81,"Since there is no redelineation, we use 2003 Gazetted Redelineation Report"
SABAH,P. 172 KOTA KINABALU,N. 16 LUYANG,19.49,"Since there is no redelineation, we use 2003 Gazetted Redelineation Report"
SABAH,P. 173 PUTATAN,N. 17 TANJONG ARU,47.88,"Since there is no redelineation, we use 2003 Gazetted Redelineation Report"
SABAH,P. 173 PUTATAN,N. 18 PETAGAS,23.56,"Since there is no redelineation, we use 2003 Gazetted Redelineation Report"
SABAH,P. 174 PENAMAPANG,N. 19 KAPAYAN,32.53,"Since there is no redelineation, we use 2003 Gazetted Redelineation Report"
SABAH,P. 174 PENAMAPANG,N. 20 MOYOG,40380,"Since there is no redelineation, we use 2003 Gazetted Redelineation Report"
SABAH,P. 175 PAPAR,N. 21 KAWANG,456.28,"Since there is no redelineation, we use 2003 Gazetted Redelineation Report"
SABAH,P. 175 PAPAR,N. 22 PANTAI MANIS,225,"Since there is no redelineation, we use 2003 Gazetted Redelineation Report"
SABAH,P. 176 KIMANIS,N. 23 BONGAWAN,408.12,"Since there is no redelineation, we use 2003 Gazetted Redelineation Report"
SABAH,P. 176 KIMANIS,N. 24 MEMBAKUT,378.04,"Since there is no redelineation, we use 2003 Gazetted Redelineation Report"
SABAH,P. 177 BEAUFORT,N. 25 KLIAS,500.94,"Since there is no redelineation, we use 2003 Gazetted Redelineation Report"
SABAH,P. 177 BEAUFORT,N. 26 KUALA PENYU,425.08,"Since there is no redelineation, we use 2003 Gazetted Redelineation Report"
SABAH,P. 178 SIPITANG,N. 27 LUMADAN,880.77,"Since there is no redelineation, we use 2003 Gazetted Redelineation Report"
SABAH,P. 178 SIPITANG,N. 28 SINDUMIN,2727.57,"Since there is no redelineation, we use 2003 Gazetted Redelineation Report"
SABAH,P. 179 RANAU,N. 29 KUNDASANG,1711.46,"Since there is no redelineation, we use 2003 Gazetted Redelineation Report"
SABAH,P. 179 RANAU,N. 30 KARANAAN,177.69,"Since there is no redelineation, we use 2003 Gazetted Redelineation Report"
SABAH,P. 179 RANAU,N. 31 PAGINATAN,1896.31,"Since there is no redelineation, we use 2003 Gazetted Redelineation Report"
SABAH,P. 180 KENINGAU,N. 32 TAMBUNAN,1338.93,"Since there is no redelineation, we use 2003 Gazetted Redelineation Report"
SABAH,P. 180 KENINGAU,N. 33 BINGKOR,861.15,"Since there is no redelineation, we use 2003 Gazetted Redelineation Report"
SABAH,P. 180 KENINGAU,N. 34 LIAWAN,277.02,"Since there is no redelineation, we use 2003 Gazetted Redelineation Report"
SABAH,P. 181 TENOM,N. 35 MELALAP,605.01,"Since there is no redelineation, we use 2003 Gazetted Redelineation Report"
SABAH,P. 181 TENOM,N. 36 KEMABONG,1797.84,"Since there is no redelineation, we use 2003 Gazetted Redelineation Report"
SABAH,P. 182 PENSIANGAN,N. 37 SOOK,2388.45,"Since there is no redelineation, we use 2003 Gazetted Redelineation Report"
SABAH,P. 182 PENSIANGAN,N. 38 NABAWAN,5936.93,"Since there is no redelineation, we use 2003 Gazetted Redelineation Report"
SABAH,P. 183 BELURAN,N. 39 SUGUT,3481.34,"Since there is no redelineation, we use 2003 Gazetted Redelineation Report"
SABAH,P. 183 BELURAN,N. 40 LABUK,4086.49,"Since there is no redelineation, we use 2003 Gazetted Redelineation Report"
SABAH,P. 184 LIBARAN,N. 41 GUM-GUM,762.65,"Since there is no redelineation, we use 2003 Gazetted Redelineation Report"
SABAH,P. 184 LIBARAN,N. 42 SUNGAI SIBUGA,83.18,"Since there is no redelineation, we use 2003 Gazetted Redelineation Report"
SABAH,P. 185 BATU SAPI,N. 43 SEKONG,552.12,"Since there is no redelineation, we use 2003 Gazetted Redelineation Report"
SABAH,P. 185 BATU SAPI,N. 44 KARAMUNTING,7.96,"Since there is no redelineation, we use 2003 Gazetted Redelineation Report"
SABAH,P. 186 SANDAKAN,N. 45 ELOPURA,31.88,"Since there is no redelineation, we use 2003 Gazetted Redelineation Report"
SABAH,P. 186 SANDAKAN,N. 46 TANJONG PAPAT,6.72,"Since there is no redelineation, we use 2003 Gazetted Redelineation Report"
SABAH,P. 187 KINABATANGAN,N. 47 KUAMUT,12917.53,"Since there is no redelineation, we use 2003 Gazetted Redelineation Report"
SABAH,P. 187 KINABATANGAN,N. 48 SUKAU,4959.51,"Since there is no redelineation, we use 2003 Gazetted Redelineation Report"
SABAH,P. 188 SILAM,N. 49 TUNGKU,3973.72,"Since there is no redelineation, we use 2003 Gazetted Redelineation Report"
SABAH,P. 188 SILAM,N. 50 LAHAD DATU,3166.45,"Since there is no redelineation, we use 2003 Gazetted Redelineation Report"
SABAH,P. 188 SILAM,N. 51 KUNAK,1109.22,"Since there is no redelineation, we use 2003 Gazetted Redelineation Report"
SABAH,P. 189 SEMPORNA,N. 52 SULABAYAN,234.75,"Since there is no redelineation, we use 2003 Gazetted Redelineation Report"
SABAH,P. 189 SEMPORNA,N. 53 SENALLANG,338.88,"Since there is no redelineation, we use 2003 Gazetted Redelineation Report"
SABAH,P. 189 SEMPORNA,N. 54 BUGAYA,542.83,"Since there is no redelineation, we use 2003 Gazetted Redelineation Report"
SABAH,P. 190 TAWAU,N. 55 BALUNG,1002.73,"Since there is no redelineation, we use 2003 Gazetted Redelineation Report"
SABAH,P. 190 TAWAU,N. 56 APAS,402.32,"Since there is no redelineation, we use 2003 Gazetted Redelineation Report"
SABAH,P. 190 TAWAU,N. 57 SRI TANJONG,30.89,"Since there is no redelineation, we use 2003 Gazetted Redelineation Report"
SABAH,P. 191 KALABAKAN,N. 58 MEROTAI,778.17,"Since there is no redelineation, we use 2003 Gazetted Redelineation Report"
SABAH,P. 191 KALABAKAN,N. 59 TANJONG BATU,2222.96,"Since there is no redelineation, we use 2003 Gazetted Redelineation Report"
SABAH,P. 191 KALABAKAN,N. 60 SEBATIK,1488.35,"Since there is no redelineation, we use 2003 Gazetted Redelineation Report"
SARAWAK,P. 192 MAS GADING,N. 01 OPAR,1010,AS per 2015 Gazeted Redelineation Report
SARAWAK,P. 192 MAS GADING,N. 02 TASIK BIRU,471,AS per 2015 Gazeted Redelineation Report
SARAWAK,P. 193 SANTUBONG,N. 03 TANJONG DATU,905,AS per 2015 Gazeted Redelineation Report
SARAWAK,P. 193 SANTUBONG,N. 04 PANTAI DAMAI,373,AS per 2015 Gazeted Redelineation Report
SARAWAK,P. 193 SANTUBONG,N. 05 DEMAK LAUT,223,AS per 2015 Gazeted Redelineation Report
SARAWAK,P. 194 PETRA JAYA,N. 06 TUPONG,99,AS per 2015 Gazeted Redelineation Report
SARAWAK,P. 194 PETRA JAYA,N. 07 SAMARIANG,17,AS per 2015 Gazeted Redelineation Report
SARAWAK,P. 194 PETRA JAYA,N. 08 SATOK,10,AS per 2015 Gazeted Redelineation Report
SARAWAK,P. 195 BANDAR KUCHING,N. 09 PADUNGAN,6,AS per 2015 Gazeted Redelineation Report
SARAWAK,P. 195 BANDAR KUCHING,N. 10 PENDING,14,AS per 2015 Gazeted Redelineation Report
SARAWAK,P. 195 BANDAR KUCHING,N. 11 BATU LINTANG,15,AS per 2015 Gazeted Redelineation Report
SARAWAK,P. 196 STAMPIN,N. 12 KOTA SENTOSA,35,AS per 2015 Gazeted Redelineation Report
SARAWAK,P. 196 STAMPIN,N. 13 BATU KITANG,80,AS per 2015 Gazeted Redelineation Report
SARAWAK,P. 196 STAMPIN,N. 14 BATU KAWAH,79,AS per 2015 Gazeted Redelineation Report
SARAWAK,P. 197 KOTA SAMARAHAN,N. 15 ASAJAYA,246,AS per 2015 Gazeted Redelineation Report
SARAWAK,P. 197 KOTA SAMARAHAN,N. 16 MUARA TUANG,399,AS per 2015 Gazeted Redelineation Report
SARAWAK,P. 197 KOTA SAMARAHAN,N. 17 STAKAN,100,AS per 2015 Gazeted Redelineation Report
SARAWAK,P. 198 PUNCAK BORNEO,N. 18 SEREMBU,311,AS per 2015 Gazeted Redelineation Report
SARAWAK,P. 198 PUNCAK BORNEO,N. 19 MAMBONG,497,AS per 2015 Gazeted Redelineation Report
SARAWAK,P. 198 PUNCAK BORNEO,N. 20 TARAT,520,AS per 2015 Gazeted Redelineation Report
SARAWAK,P. 199 SERIAN,N. 21 TEBEDU,485,AS per 2015 Gazeted Redelineation Report
SARAWAK,P. 199 SERIAN,N. 22 KEDUP,406,AS per 2015 Gazeted Redelineation Report
SARAWAK,P. 199 SERIAN,N. 23 BUKIT SEMUJA,572,AS per 2015 Gazeted Redelineation Report
SARAWAK,P. 200 BATANG SADONG,N. 24 SADONG JAYA,76,AS per 2015 Gazeted Redelineation Report
SARAWAK,P. 200 BATANG SADONG,N. 25 SIMUNJAN,323,AS per 2015 Gazeted Redelineation Report
SARAWAK,P. 200 BATANG SADONG,N. 26 GEDONG,632,AS per 2015 Gazeted Redelineation Report
SARAWAK,P. 201 BATANG LUPAR,N. 27 SEBUYAU,548,AS per 2015 Gazeted Redelineation Report
SARAWAK,P. 201 BATANG LUPAR,N. 28 LINGGA,970,AS per 2015 Gazeted Redelineation Report
SARAWAK,P. 201 BATANG LUPAR,N. 29 BETING MARO,472,AS per 2015 Gazeted Redelineation Report
SARAWAK,P. 202 SRI AMAN,N. 30 BALAI RINGIN,1314,AS per 2015 Gazeted Redelineation Report
SARAWAK,P. 202 SRI AMAN,N. 31 BUKIT BEGUNAN,1057,AS per 2015 Gazeted Redelineation Report
SARAWAK,P. 202 SRI AMAN,N. 32 SIMANGGANG,307,AS per 2015 Gazeted Redelineation Report
SARAWAK,P. 203 LUBOK ANTU,N. 33 ENGKILILI,1298,AS per 2015 Gazeted Redelineation Report
SARAWAK,P. 203 LUBOK ANTU,N. 34 BATANG AI,1996,AS per 2015 Gazeted Redelineation Report
SARAWAK,P. 204 BETONG,N. 35 SARIBAS,412,AS per 2015 Gazeted Redelineation Report
SARAWAK,P. 204 BETONG,N. 36 LAYAR,409,AS per 2015 Gazeted Redelineation Report
SARAWAK,P. 204 BETONG,N. 37 BUKIT SABAN,577,AS per 2015 Gazeted Redelineation Report
SARAWAK,P. 205 SARATOK,N. 38 KALAKA,422,AS per 2015 Gazeted Redelineation Report
SARAWAK,P. 205 SARATOK,N. 39 KRIAN,829,AS per 2015 Gazeted Redelineation Report
SARAWAK,P. 205 SARATOK,N. 40 KABONG,415,AS per 2015 Gazeted Redelineation Report
SARAWAK,P. 206 TANJONG MANIS,N. 41 KUALA RAJANG,778,AS per 2015 Gazeted Redelineation Report
SARAWAK,P. 206 TANJONG MANIS,N. 42 SEMOP,1246,AS per 2015 Gazeted Redelineation Report
SARAWAK,P. 207 IGAN,N. 43 DARO,1482,AS per 2015 Gazeted Redelineation Report
SARAWAK,P. 207 IGAN,N. 44 JEMORENG,724,AS per 2015 Gazeted Redelineation Report
SARAWAK,P. 208 SARIKEI,N. 45 REPOK,144,AS per 2015 Gazeted Redelineation Report
SARAWAK,P. 208 SARIKEI,N. 46 MERADONG,568,AS per 2015 Gazeted Redelineation Report
SARAWAK,P. 209 JULAU,N. 47 PAKAN,852,AS per 2015 Gazeted Redelineation Report
SARAWAK,P. 209 JULAU,N. 48 MELUAN,2006,AS per 2015 Gazeted Redelineation Report
SARAWAK,P. 210 KANOWIT,N. 49 NGEMAH,1211,AS per 2015 Gazeted Redelineation Report
SARAWAK,P. 210 KANOWIT,N. 50 MACHAN,976,AS per 2015 Gazeted Redelineation Report
SARAWAK,P. 211 LANANG,N. 51 BUKIT ASSEK,53,AS per 2015 Gazeted Redelineation Report
SARAWAK,P. 211 LANANG,N. 52 DUDONG,669,AS per 2015 Gazeted Redelineation Report
SARAWAK,P. 212 SIBU,N. 53 BAWANG ASSAN,1074,AS per 2015 Gazeted Redelineation Report
SARAWAK,P. 212 SIBU,N. 54 PELAWAN,12,AS per 2015 Gazeted Redelineation Report
SARAWAK,P. 212 SIBU,N. 55 NANGKA,313,AS per 2015 Gazeted Redelineation Report
SARAWAK,P. 213 MUKAH,N. 56 DALAT,658,AS per 2015 Gazeted Redelineation Report
SARAWAK,P. 213 MUKAH,N. 57 TELLIAN,1227,AS per 2015 Gazeted Redelineation Report
SARAWAK,P. 213 MUKAH,N. 58 BALINGIAN,1100,AS per 2015 Gazeted Redelineation Report
SARAWAK,P. 214 SELANGAU,N. 59 TAMIN,3492,AS per 2015 Gazeted Redelineation Report
SARAWAK,P. 214 SELANGAU,N. 60 KAKUS,5701,AS per 2015 Gazeted Redelineation Report
SARAWAK,P. 215 KAPIT,N. 61 PELAGUS,1635,AS per 2015 Gazeted Redelineation Report
SARAWAK,P. 215 KAPIT,N. 62 KATIBAS,3820,AS per 2015 Gazeted Redelineation Report
SARAWAK,P. 215 KAPIT,N. 63 BUKIT GORAM,876,AS per 2015 Gazeted Redelineation Report
SARAWAK,P. 216 HULU RAJANG,N. 64 BALEH,11607,AS per 2015 Gazeted Redelineation Report
SARAWAK,P. 216 HULU RAJANG,N. 65 BELAGA,11579,AS per 2015 Gazeted Redelineation Report
SARAWAK,P. 216 HULU RAJANG,N. 66 MURUM,10894,AS per 2015 Gazeted Redelineation Report
SARAWAK,P. 217 BINTULU,N. 67 JEPAK,701,AS per 2015 Gazeted Redelineation Report
SARAWAK,P. 217 BINTULU,N. 68 TANJONG BATU,35,AS per 2015 Gazeted Redelineation Report
SARAWAK,P. 217 BINTULU,N. 69 KEMENA,5307,AS per 2015 Gazeted Redelineation Report
SARAWAK,P. 217 BINTULU,N. 70 SAMALAJU,2257,AS per 2015 Gazeted Redelineation Report
SARAWAK,P. 218 SIBUTI,N. 71 BEKENU,1103,AS per 2015 Gazeted Redelineation Report
SARAWAK,P. 218 SIBUTI,N. 72 LAMBIR,473,AS per 2015 Gazeted Redelineation Report
SARAWAK,P. 219 MIRI,N. 73 PIASAU,51,AS per 2015 Gazeted Redelineation Report
SARAWAK,P. 219 MIRI,N. 74 PUJUT,17,AS per 2015 Gazeted Redelineation Report
SARAWAK,P. 219 MIRI,N. 75 SENADIN,703,AS per 2015 Gazeted Redelineation Report
SARAWAK,P. 220 BARAM,N. 76 MARUDI,3538,AS per 2015 Gazeted Redelineation Report
SARAWAK,P. 220 BARAM,N. 77 TELANG USAN,9062,AS per 2015 Gazeted Redelineation Report
SARAWAK,P. 220 BARAM,N. 78 MULU,9475,AS per 2015 Gazeted Redelineation Report
SARAWAK,P. 221 LIMBANG,N. 79 BUKIT KOTA,468,AS per 2015 Gazeted Redelineation Report
SARAWAK,P. 221 LIMBANG,N. 80 BATU DANAU,3743,AS per 2015 Gazeted Redelineation Report
SARAWAK,P. 222 LAWAS,N. 81 BAKELALAN,3444,AS per 2015 Gazeted Redelineation Report
SARAWAK,P. 222 LAWAS,N. 82 BUKIT SARI,445,AS per 2015 Gazeted Redelineation Report
